﻿<?xml version="1.0" encoding="utf-8"?>
<Bingo>
<Items>Level 10</Items>
<Items>Level 20</Items>
<Items>Level 30</Items>
<Items>Level 40</Items>
<Items>Level 50</Items>
<Items>Level 60</Items>
<Items>Level 70</Items>
<Items>Level 80</Items>
<Items>Level 90</Items>
<Items>Level 100</Items>
<Items>Defeat The Mega Censor</Items>
<Items>Defeat The Phantom</Items>
<Items>Defeat The Den Mother</Items>
<Items>Defeat Linda</Items>
<Items>Acquire Confusion Grenade</Items>
<Items>Acquire Telekinesis</Items>
<Items>Acquire Pyrokinesis</Items>
<Items>Acquire Invisibility</Items>
<Items>Acquire Clairevoyance</Items>
<Items>Collect all of Baggage (Oleander)</Items>
<Items>Collect all of Baggage (Tumbler)</Items>
<Items>Collect all of Baggage (Sasha)</Items>
<Items>Collect all of Baggage (Milla)</Items>
<Items>Collect all of Baggage (Linda)</Items>
<Items>Collect all of Baggage (Boyd)</Items>
<Items>Collect all of Baggage (Gloria)</Items>
<Items>Collect all of Baggage (Fred)</Items>
<Items>Collect all of Baggage (Edgar)</Items>
<Items>Collect a Mental Layer Upgrade</Items>
<Items>Collect an Ammo Upgrade</Items>
<Items>Acquire the Dowsing Rod</Items>
<Items>Acquire the Cobweb Duster</Items>
<Items>Buy a Psi Core</Items>
<Items>Create a psi Card for cobwebs</Items>
<Items>Change your Psi ball color</Items>
<Items>Acquire Mental Magnet</Items>
<Items>Collect 50 Arrowheads</Items>
<Items>Collect 100 Arrowheads</Items>
<Items>Collect 150 Arrowheads</Items>
<Items>Collect 200 Arrowheads</Items>
<Items>Eat Dinner (Cook a critter)</Items>
<Items>Defeat 1 Wrestler</Items>
<Items>Defeat 2 Wrestlers</Items>
<Items>Defeat 3 Wrestlers</Items>
<Items>Defeat 4 Wrestlers</Items>
<Items>Defeat 1 Nightmare</Items>
<Items>Defeat 2 Nightmares</Items>
<Items>Buy a painting (over 0 cost)</Items>
<Items>Collect 4 scavenger hunt items</Items>
<Items>Collect 8 scavenger hunt items</Items>
<Items>collect 12 scavenger hunt items</Items>
<Items>Collect 16 scavenger hunt items</Items>
<Items>Enter Milla's toybox</Items>
<Items>Defeat Kochamara</Items>
<Items>Collect Rolling Pin</Items>
<Items>Take a bird's eye view (Clairvoyance a bird)</Items>
<Items>Collect 2 Brains</Items>
<Items>Collect 4 Brains</Items>
<Items>Collect 6 Brains</Items>
<Items>Collect 8 Brains</Items>
<Items>Collect 10 Brains</Items>
<Items>Collect Crow's Feather</Items>
<Items>Collect Lilli's Bracelet</Items>
<Items>Defeat Coach punching game Level 1</Items>
<Items>Defeat Coach punching game Level 2</Items>
<Items>Defeat Coach punching game Level 3</Items>
<Items>Free the Blimp Pilot</Items>
<Items>Collect 2 Psi Challenge markers</Items>
<Items>Collect 4 Psi Challenge markers</Items>
<Items>Collect 6 Psi Challenge markers</Items>
<Items>Open a safe in Oleander's mind</Items>
<Items>Open a safe in the Brain Tumbler</Items>
<Items>Open a safe in Sasha's Mind</Items>
<Items>Open a safe in Milla's Mind</Items>
<Items>Open a safe in Linda's Mind</Items>
<Items>Open a safe in Boyd's Mind</Items>
<Items>Open a safe in Gloria's Mind</Items>
<Items>Open a safe in Edgar's Mind</Items>
<Items>Open a safe in Fred's Mind</Items>
<Items>Open a safe in Meat Circus</Items>
<Items>Open a safe in Every Mind</Items>
<Items>Defeat Oly's Dad (Battle 1)</Items>
<Items>Defeat Oly's and Raz's Dads (Battle 2)</Items>
<Items>Defeat Dad Monster (Final Battle)</Items>
<Items>Defeat a Brain Tank</Items>
<Items>Visit Every part of camp</Items>
<Items>Talk to Every Version of Cruller</Items>
<Items>Shoot Hoops with Raz as ball</Items>
<Items>Climb to the top of the GPC (above the trees)</Items>
<Items>Visit Edgar's Secret Garden</Items>
<Items>Help Dogen through minefield</Items>
<Items>Have Raz repeat Oleander's Speech</Items>
<Items>Change a TV channel</Items>
<Items>Teleport via Worm</Items>
<Items>Back to HQ using Bacon</Items>
<Items>Read a message</Items>
<Items>Kill a Psychic Bear</Items>
<Items>Set off a car Alarm</Items>
<Items>Get Sniped</Items>
<Items>Get confused by rat</Items>
<Items>Show Pokeylope to 5 Campers</Items>
<Items>Telekenysis 5 Campers</Items>
<Items>Psi blast 5 Campers</Items>
<Items>Heat up 5 Campers</Items>
<Items>Kill a psychic cougar</Items>
<Items>Steal a Squirrel's Nuts</Items>
<Items>Visit Oleander's Secret Tunnel</Items>
<Items>Camp History Lesson</Items>
<Items>Light the Main Campfire</Items>
<Items>Waterfall Secret Psi Card</Items>
<Items>Offer Someone cake</Items>
<Items>Haybale Target Practice</Items>
<Items>Buy some Candy</Items>
<Items>Fire behind the Firestarters</Items>
<Items>Ride a canoe</Items>
<Items>Use a bathroom</Items>
<Items>Recruit a soldier</Items>
<Items>Recruit a builder</Items>
<Items>Storm the Castle</Items>
<Items>Grab a bunny</Items>
<Items>Make your own Psi challenge marker</Items>
<Items>Clear 5 cobwebs</Items>
<Items>clear 10 cobwebs</Items>
<Items>clear 15 cobwebs</Items>
<Items>Collect 20 figments in a level</Items>
<Items>collect 40 figments in a level</Items>
</Bingo>